{
  "model": "TF-IDF + LogReg",
  "accuracy": 0.975,
  "macro_f1": 0.9749993749843746,
  "brier_score": 0.07080696351338277,
  "classification_report": {
    "Fact": {
      "precision": 0.9702970297029703,
      "recall": 0.98,
      "f1-score": 0.9751243781094527,
      "support": 100.0
    },
    "Opinion": {
      "precision": 0.9797979797979798,
      "recall": 0.97,
      "f1-score": 0.9748743718592965,
      "support": 100.0
    },
    "accuracy": 0.975,
    "macro avg": {
      "precision": 0.975047504750475,
      "recall": 0.975,
      "f1-score": 0.9749993749843746,
      "support": 200.0
    },
    "weighted avg": {
      "precision": 0.975047504750475,
      "recall": 0.975,
      "f1-score": 0.9749993749843746,
      "support": 200.0
    }
  },
  "mean_confidence_fact": 0.7849056797492991,
  "mean_confidence_opinion": 0.2435897092249968,
  "std_confidence_fact": 0.13708818149886579,
  "std_confidence_opinion": 0.1312221188507109
}