{
  "model": "GPT-4.1",
  "n_total": 200,
  "n_success": 200,
  "n_fail": 0,
  "parse_rate": 1.0,
  "accuracy": 0.975,
  "macro_f1": 0.9749843652282677,
  "brier_score": 0.020172,
  "mean_confidence_fact": 0.9883000000000002,
  "std_confidence_fact": 0.025141797867296617,
  "mean_confidence_opinion": 0.09350000000000001,
  "std_confidence_opinion": 0.17559256817986346,
  "timestamp": "2026-02-26T04:33:26.329575"
}